{
  "valid_samples": 4309,
  "invalid_samples": 16,
  "cosine_mean": 0.13027818226656407,
  "cosine_std": 0.06999475879150392,
  "cosine_median": 0.12032961845397949,
  "cosine_q1": 0.10198485851287842,
  "cosine_q3": 0.14416193962097168,
  "euclidean_mean": 10.812539296295173,
  "euclidean_std": 2.0292338997068637
}