{
  "accuracy": 0.9660695703879887,
  "tar": 0.976002971768202,
  "far": 0.04387269482450922,
  "frr": 0.02399702823179792,
  "true_positive": 13137,
  "false_positive": 590,
  "true_negative": 12858,
  "false_negative": 323,
  "genuine_count": 13460,
  "impostor_count": 13448,
  "genuine_mean": 0.533046185695639,
  "genuine_std": 0.1269574821963843,
  "genuine_median": 0.5491300225,
  "impostor_mean": 0.022183611711748957,
  "impostor_std": 0.060287213357600025,
  "impostor_median": 0.02078017125,
  "threshold": 0.1277248859,
  "valid_pairs": 26908,
  "invalid_pairs": 258
}