{
  "valid_samples": 4307,
  "invalid_samples": 18,
  "cosine_mean": 0.2166665905535382,
  "cosine_std": 0.08072461509519945,
  "cosine_median": 0.20514512062072754,
  "cosine_q1": 0.17114770412445068,
  "cosine_q3": 0.24449139833450317,
  "euclidean_mean": 13.890957554670395,
  "euclidean_std": 2.2446821615203527
}