{
  "valid_samples": 4308,
  "invalid_samples": 17,
  "cosine_mean": 0.15767455541272798,
  "cosine_std": 0.07002053639818766,
  "cosine_median": 0.14759522676467896,
  "cosine_q1": 0.12416712939739227,
  "cosine_q3": 0.17800676822662354,
  "euclidean_mean": 11.875941188111833,
  "euclidean_std": 2.06389359739137
}