{
  "accuracy": 0.9673183217717105,
  "tar": 0.9796039457094119,
  "far": 0.044975508386522194,
  "frr": 0.020396054290588148,
  "true_positive": 13208,
  "false_positive": 606,
  "true_negative": 12868,
  "false_negative": 275,
  "genuine_count": 13483,
  "impostor_count": 13474,
  "genuine_mean": 0.5054898357531781,
  "genuine_std": 0.12048317873635778,
  "genuine_median": 0.5176725388,
  "impostor_mean": 0.02416762554770669,
  "impostor_std": 0.05975546572608599,
  "impostor_median": 0.0233285129,
  "threshold": 0.1277248859,
  "valid_pairs": 26957,
  "invalid_pairs": 209
}