{
  "valid_samples": 4309,
  "invalid_samples": 16,
  "cosine_mean": 0.025599767980687745,
  "cosine_std": 0.06197674170154168,
  "cosine_median": 0.02054917812347412,
  "cosine_q1": 0.016736984252929688,
  "cosine_q3": 0.0250890851020813,
  "euclidean_mean": 4.6791133562465586,
  "euclidean_std": 1.8896701707505361
}