{
  "accuracy": 0.9767571380833922,
  "tar": 0.9790568139621241,
  "far": 0.025542025542025542,
  "frr": 0.020943186037875976,
  "true_positive": 13183,
  "false_positive": 344,
  "true_negative": 13124,
  "false_negative": 282,
  "genuine_count": 13465,
  "impostor_count": 13468,
  "genuine_mean": 0.6377997554630376,
  "genuine_std": 0.13191292264889024,
  "genuine_median": 0.6579117775,
  "impostor_mean": 0.007921567636493912,
  "impostor_std": 0.059501675439861526,
  "impostor_median": 0.0069589540500000005,
  "threshold": 0.1277248859,
  "valid_pairs": 26933,
  "invalid_pairs": 233
}