{
  "accuracy": 0.965991451403085,
  "tar": 0.9771882894932382,
  "far": 0.04521454599538931,
  "frr": 0.022811710506761777,
  "true_positive": 13151,
  "false_positive": 608,
  "true_negative": 12839,
  "false_negative": 307,
  "genuine_count": 13458,
  "impostor_count": 13447,
  "genuine_mean": 0.5222542515012558,
  "genuine_std": 0.12639921661354867,
  "genuine_median": 0.5365089774,
  "impostor_mean": 0.02313121882833346,
  "impostor_std": 0.06012069470263718,
  "impostor_median": 0.0214530081,
  "threshold": 0.1277248859,
  "valid_pairs": 26905,
  "invalid_pairs": 261
}