{
  "valid_samples": 4309,
  "invalid_samples": 16,
  "cosine_mean": 0.06656583849598742,
  "cosine_std": 0.07744255744158572,
  "cosine_median": 0.05767947435379028,
  "cosine_q1": 0.048480451107025146,
  "cosine_q3": 0.06963342428207397,
  "euclidean_mean": 7.936585224153382,
  "euclidean_std": 2.2324883560204416
}