{
  "accuracy": 0.9789438502673797,
  "tar": 0.9821786589440855,
  "far": 0.024292400267439267,
  "frr": 0.017821341055914458,
  "true_positive": 13227,
  "false_positive": 327,
  "true_negative": 13134,
  "false_negative": 240,
  "genuine_count": 13467,
  "impostor_count": 13461,
  "genuine_mean": 0.6122757519708992,
  "genuine_std": 0.12739526622085465,
  "genuine_median": 0.6298140883,
  "impostor_mean": 0.008640726322323749,
  "impostor_std": 0.05900655190532374,
  "impostor_median": 0.0079187024,
  "threshold": 0.1277248859,
  "valid_pairs": 26928,
  "invalid_pairs": 238
}