{
  "valid_samples": 4283,
  "invalid_samples": 42,
  "cosine_mean": 0.1556407535409965,
  "cosine_std": 0.09448993074794372,
  "cosine_median": 0.1413658857345581,
  "cosine_q1": 0.11972257494926453,
  "cosine_q3": 0.16901662945747375,
  "euclidean_mean": 12.419114039819874,
  "euclidean_std": 2.406383440579986
}